<?xml version="1.0" encoding="UTF-8"?><rss version="2.0"
	xmlns:content="http://purl.org/rss/1.0/modules/content/"
	xmlns:dc="http://purl.org/dc/elements/1.1/"
	xmlns:atom="http://www.w3.org/2005/Atom"
	xmlns:sy="http://purl.org/rss/1.0/modules/syndication/"
	
	xmlns:georss="http://www.georss.org/georss"
	xmlns:geo="http://www.w3.org/2003/01/geo/wgs84_pos#"
	
	>
<channel>
	<title>
	Các phản hồi luận về: lập trình android	</title>
	<atom:link href="http://localhost/abc/wordpress/2023/10/10/lap-trinh-android/feed/?simply_static_page=230" rel="self" type="application/rss+xml" />
	<link>https://https://github.com/QuocDatAP/Group3.github.io.git/2023/10/10/lap-trinh-android/</link>
	<description></description>
	<lastBuildDate>Tue, 10 Oct 2023 13:48:48 +0000</lastBuildDate>
	<sy:updatePeriod>
	hourly	</sy:updatePeriod>
	<sy:updateFrequency>
	1	</sy:updateFrequency>
	<generator>https://wordpress.org/?v=6.4.1</generator>
</channel>
</rss>
