<?xml version="1.0" encoding="UTF-8"?><rss version="2.0"
	xmlns:content="http://purl.org/rss/1.0/modules/content/"
	xmlns:dc="http://purl.org/dc/elements/1.1/"
	xmlns:atom="http://www.w3.org/2005/Atom"
	xmlns:sy="http://purl.org/rss/1.0/modules/syndication/"
	
	xmlns:georss="http://www.georss.org/georss"
	xmlns:geo="http://www.w3.org/2003/01/geo/wgs84_pos#"
	
	>
<channel>
	<title>
	Các phản hồi luận về: Album	</title>
	<atom:link href="http://localhost/abc/wordpress/san-pham/album/feed/?simply_static_page=256" rel="self" type="application/rss+xml" />
	<link>https://https://github.com/QuocDatAP/Group3.github.io.git/san-pham/album/</link>
	<description></description>
	<lastBuildDate>Tue, 31 Oct 2023 07:51:27 +0000</lastBuildDate>
	<sy:updatePeriod>
	hourly	</sy:updatePeriod>
	<sy:updateFrequency>
	1	</sy:updateFrequency>
	<generator>https://wordpress.org/?v=6.4.1</generator>
	<item>
		<title>
		Bởi: dathoa		</title>
		<link>https://https://github.com/QuocDatAP/Group3.github.io.git/san-pham/album/#comment-4</link>

		<dc:creator><![CDATA[dathoa]]></dc:creator>
		<pubDate>Tue, 31 Oct 2023 07:51:27 +0000</pubDate>
		<guid isPermaLink="false">https://https://github.com/QuocDatAP/Group3.github.io.git/?post_type=product#038;p=199#comment-4</guid>

					<description><![CDATA[sadsa]]></description>
			<content:encoded><![CDATA[<p>sadsa</p>
]]></content:encoded>
		
			</item>
	</channel>
</rss>
