<?xml version="1.0" encoding="UTF-8"?><rss version="2.0"
	xmlns:content="http://purl.org/rss/1.0/modules/content/"
	xmlns:wfw="http://wellformedweb.org/CommentAPI/"
	xmlns:dc="http://purl.org/dc/elements/1.1/"
	xmlns:atom="http://www.w3.org/2005/Atom"
	xmlns:sy="http://purl.org/rss/1.0/modules/syndication/"
	xmlns:slash="http://purl.org/rss/1.0/modules/slash/"
	
	xmlns:georss="http://www.georss.org/georss"
	xmlns:geo="http://www.w3.org/2003/01/geo/wgs84_pos#"
	>

<channel>
	<title>Clothing &#8211; Group3</title>
	<atom:link href="http://localhost/abc/wordpress/danh-muc-san-pham/clothing/feed/?simply_static_page=350" rel="self" type="application/rss+xml" />
	<link>https://https://github.com/QuocDatAP/Group3.github.io.git</link>
	<description></description>
	<lastBuildDate>Thu, 02 Nov 2023 10:46:33 +0000</lastBuildDate>
	<language>vi</language>
	<sy:updatePeriod>
	hourly	</sy:updatePeriod>
	<sy:updateFrequency>
	1	</sy:updateFrequency>
	<generator>https://wordpress.org/?v=6.4.1</generator>
	<item>
		<title>T-Shirt with Logo</title>
		<link>https://https://github.com/QuocDatAP/Group3.github.io.git/san-pham/t-shirt-with-logo/</link>
					<comments>https://https://github.com/QuocDatAP/Group3.github.io.git/san-pham/t-shirt-with-logo/#respond</comments>
		
		<dc:creator><![CDATA[dathoa]]></dc:creator>
		<pubDate>Wed, 25 Oct 2023 10:27:21 +0000</pubDate>
				<guid isPermaLink="false">https://https://github.com/QuocDatAP/Group3.github.io.git/?post_type=product#038;p=207</guid>

					<description><![CDATA[This is a simple product.]]></description>
										<content:encoded><![CDATA[<p>Pellentesque habitant morbi tristique senectus et netus et malesuada fames ac turpis egestas. Vestibulum tortor quam, feugiat vitae, ultricies eget, tempor sit amet, ante. Donec eu libero sit amet quam egestas semper. Aenean ultricies mi vitae est. Mauris placerat eleifend leo.</p>
]]></content:encoded>
					
					<wfw:commentRss>https://https://github.com/QuocDatAP/Group3.github.io.git/san-pham/t-shirt-with-logo/feed/</wfw:commentRss>
			<slash:comments>0</slash:comments>
		
		
			</item>
		<item>
		<title>Beanie with Logo</title>
		<link>https://https://github.com/QuocDatAP/Group3.github.io.git/san-pham/beanie-with-logo/</link>
					<comments>https://https://github.com/QuocDatAP/Group3.github.io.git/san-pham/beanie-with-logo/#respond</comments>
		
		<dc:creator><![CDATA[dathoa]]></dc:creator>
		<pubDate>Wed, 25 Oct 2023 10:27:21 +0000</pubDate>
				<guid isPermaLink="false">https://https://github.com/QuocDatAP/Group3.github.io.git/?post_type=product#038;p=208</guid>

					<description><![CDATA[This is a simple product.]]></description>
										<content:encoded><![CDATA[<p>Pellentesque habitant morbi tristique senectus et netus et malesuada fames ac turpis egestas. Vestibulum tortor quam, feugiat vitae, ultricies eget, tempor sit amet, ante. Donec eu libero sit amet quam egestas semper. Aenean ultricies mi vitae est. Mauris placerat eleifend leo.</p>
]]></content:encoded>
					
					<wfw:commentRss>https://https://github.com/QuocDatAP/Group3.github.io.git/san-pham/beanie-with-logo/feed/</wfw:commentRss>
			<slash:comments>0</slash:comments>
		
		
			</item>
		<item>
		<title>Logo Collection</title>
		<link>https://https://github.com/QuocDatAP/Group3.github.io.git/san-pham/logo-collection/</link>
					<comments>https://https://github.com/QuocDatAP/Group3.github.io.git/san-pham/logo-collection/#respond</comments>
		
		<dc:creator><![CDATA[dathoa]]></dc:creator>
		<pubDate>Wed, 25 Oct 2023 10:27:21 +0000</pubDate>
				<guid isPermaLink="false">https://https://github.com/QuocDatAP/Group3.github.io.git/?post_type=product#038;p=209</guid>

					<description><![CDATA[This is a grouped product.]]></description>
										<content:encoded><![CDATA[<p>Pellentesque habitant morbi tristique senectus et netus et malesuada fames ac turpis egestas. Vestibulum tortor quam, feugiat vitae, ultricies eget, tempor sit amet, ante. Donec eu libero sit amet quam egestas semper. Aenean ultricies mi vitae est. Mauris placerat eleifend leo.</p>
]]></content:encoded>
					
					<wfw:commentRss>https://https://github.com/QuocDatAP/Group3.github.io.git/san-pham/logo-collection/feed/</wfw:commentRss>
			<slash:comments>0</slash:comments>
		
		
			</item>
	</channel>
</rss>
