<?xml version="1.0" encoding="UTF-8"?><rss version="2.0"
	xmlns:content="http://purl.org/rss/1.0/modules/content/"
	xmlns:dc="http://purl.org/dc/elements/1.1/"
	xmlns:atom="http://www.w3.org/2005/Atom"
	xmlns:sy="http://purl.org/rss/1.0/modules/syndication/"
	
	xmlns:georss="http://www.georss.org/georss"
	xmlns:geo="http://www.w3.org/2003/01/geo/wgs84_pos#"
	
	>
<channel>
	<title>
	Các phản hồi luận về: post	</title>
	<atom:link href="http://localhost/abc/wordpress/2023/10/30/post/feed/?simply_static_page=373" rel="self" type="application/rss+xml" />
	<link>https://https://github.com/QuocDatAP/Group3.github.io.git/2023/10/30/post/</link>
	<description></description>
	<lastBuildDate>Mon, 13 Nov 2023 09:35:03 +0000</lastBuildDate>
	<sy:updatePeriod>
	hourly	</sy:updatePeriod>
	<sy:updateFrequency>
	1	</sy:updateFrequency>
	<generator>https://wordpress.org/?v=6.4.1</generator>
	<item>
		<title>
		Bởi: dathoa		</title>
		<link>https://https://github.com/QuocDatAP/Group3.github.io.git/2023/10/30/post/#comment-10</link>

		<dc:creator><![CDATA[dathoa]]></dc:creator>
		<pubDate>Mon, 13 Nov 2023 09:35:03 +0000</pubDate>
		<guid isPermaLink="false">https://https://github.com/QuocDatAP/Group3.github.io.git/?p=215#comment-10</guid>

					<description><![CDATA[trang post]]></description>
			<content:encoded><![CDATA[<p>trang post</p>
]]></content:encoded>
		
			</item>
		<item>
		<title>
		Bởi: dathoa		</title>
		<link>https://https://github.com/QuocDatAP/Group3.github.io.git/2023/10/30/post/#comment-9</link>

		<dc:creator><![CDATA[dathoa]]></dc:creator>
		<pubDate>Mon, 13 Nov 2023 09:31:38 +0000</pubDate>
		<guid isPermaLink="false">https://https://github.com/QuocDatAP/Group3.github.io.git/?p=215#comment-9</guid>

					<description><![CDATA[sadas]]></description>
			<content:encoded><![CDATA[<p>sadas</p>
]]></content:encoded>
		
			</item>
	</channel>
</rss>
