<?xml version="1.0" encoding="UTF-8"?><rss version="2.0"
	xmlns:content="http://purl.org/rss/1.0/modules/content/"
	xmlns:dc="http://purl.org/dc/elements/1.1/"
	xmlns:atom="http://www.w3.org/2005/Atom"
	xmlns:sy="http://purl.org/rss/1.0/modules/syndication/"
	
	xmlns:georss="http://www.georss.org/georss"
	xmlns:geo="http://www.w3.org/2003/01/geo/wgs84_pos#"
	
	>
<channel>
	<title>
	Các phản hồi luận về: lập trình web	</title>
	<atom:link href="http://localhost/abc/wordpress/2023/10/10/lap-trinh-web/feed/?simply_static_page=398" rel="self" type="application/rss+xml" />
	<link>https://https://github.com/QuocDatAP/Group3.github.io.git/2023/10/10/lap-trinh-web/</link>
	<description></description>
	<lastBuildDate>Mon, 13 Nov 2023 10:05:12 +0000</lastBuildDate>
	<sy:updatePeriod>
	hourly	</sy:updatePeriod>
	<sy:updateFrequency>
	1	</sy:updateFrequency>
	<generator>https://wordpress.org/?v=6.4.1</generator>
	<item>
		<title>
		Bởi: dathoa		</title>
		<link>https://https://github.com/QuocDatAP/Group3.github.io.git/2023/10/10/lap-trinh-web/#comment-22</link>

		<dc:creator><![CDATA[dathoa]]></dc:creator>
		<pubDate>Mon, 13 Nov 2023 10:05:12 +0000</pubDate>
		<guid isPermaLink="false">https://https://github.com/QuocDatAP/Group3.github.io.git/?p=74#comment-22</guid>

					<description><![CDATA[Trả lời tới &lt;a href=&quot;https://https://github.com/QuocDatAP/Group3.github.io.git/2023/10/10/lap-trinh-web/#comment-20&quot;&gt;dathoa&lt;/a&gt;.

1]]></description>
			<content:encoded><![CDATA[<p>Trả lời tới <a href="https://https://github.com/QuocDatAP/Group3.github.io.git/2023/10/10/lap-trinh-web/#comment-20">dathoa</a>.</p>
<p>1</p>
]]></content:encoded>
		
			</item>
		<item>
		<title>
		Bởi: dathoa		</title>
		<link>https://https://github.com/QuocDatAP/Group3.github.io.git/2023/10/10/lap-trinh-web/#comment-21</link>

		<dc:creator><![CDATA[dathoa]]></dc:creator>
		<pubDate>Mon, 13 Nov 2023 10:05:01 +0000</pubDate>
		<guid isPermaLink="false">https://https://github.com/QuocDatAP/Group3.github.io.git/?p=74#comment-21</guid>

					<description><![CDATA[2]]></description>
			<content:encoded><![CDATA[<p>2</p>
]]></content:encoded>
		
			</item>
		<item>
		<title>
		Bởi: dathoa		</title>
		<link>https://https://github.com/QuocDatAP/Group3.github.io.git/2023/10/10/lap-trinh-web/#comment-20</link>

		<dc:creator><![CDATA[dathoa]]></dc:creator>
		<pubDate>Mon, 13 Nov 2023 10:04:56 +0000</pubDate>
		<guid isPermaLink="false">https://https://github.com/QuocDatAP/Group3.github.io.git/?p=74#comment-20</guid>

					<description><![CDATA[1]]></description>
			<content:encoded><![CDATA[<p>1</p>
]]></content:encoded>
		
			</item>
	</channel>
</rss>
